[
  {
    "icon": "fa fa-home",
    "slug": "external",
    "title": "Volver al inicio",
    "path": "index.html"
  },  
  { 
    "id": 1,
    "icon": "fa fa-play-circle",
    "slug": "introduccion",
    "title": "Introducción",
    "breadcrumb": ["Inicio","introduccion"],
    "path": "pages/intro.html"
  },
  {
    "id": 2,
    "icon": "fa fa-file-text",
    "slug": "materia",
    "title": "1. Materia",
    "breadcrumb": ["Inicio","materia"],
    "path": "pages/1-tema.html",
    "submenu": [
      {
        "icon": "fa fa-file-text",
        "slug": "materia",
        "title": "1.1 Concepto de materia",
        "anchor": "concepto"
      },
      {
        "icon": "fa fa-file-text",
        "slug": "materia",
        "title": "1.2 Sustancias puras y mezclas",
        "anchor": "sustancias"
      },
      {
        "icon": "fa fa-file-text",
        "slug": "materia",
        "title": "1.3. Separación de mezclas",
        "anchor": "separacion"
      },
      {
        "icon": "fa fa-play-circle",
        "slug": "materia",
        "title": "El arcoiris",
        "anchor": "arcoiris"
      },
      {
        "icon": "fa fa-file-text",
        "slug": "materia",
        "title": "1.4 Propiedades de la materia",
        "anchor": "propiedades"
      }
    ]
  },
  {
    "id": 3,
    "icon": "fa fa-file-text",
    "slug": "sustancia",
    "title": "2. Sustancia",
    "breadcrumb": ["Inicio","sustancia"],
    "path": "pages/2-tema.html",
    "submenu": [
      {
        "icon": "fa fa-file-text",
        "slug": "sustancia",
        "title": "2.1 Modelos atómicos",
        "anchor": "modelos"
      },
      {
        "icon": "fa fa-file-text",
        "slug": "sustancia",
        "title": "2.2 Distribución electrónica de los elementos químicos",
        "anchor": "distribucion"
      },
      {
        "icon": "fa fa-play-circle",
        "slug": "sustancia",
        "title": "2.3 La tabla periódica",
        "anchor": "tabla"
      }
    ]
  },
  {
    "id": 4,
    "icon": "fa fa-file-text",
    "slug": "formacion",
    "title": "3. Formación de compuestos",
    "breadcrumb": ["Inicio","formacion"],
    "path": "pages/3-tema.html",
    "submenu": [
      {
        "icon": "fa fa-file-text",
        "slug": "formacion",
        "title": "3.1 Enlace químico",
        "anchor": "enlace"
      },
      {
        "icon": "fa fa-file-text",
        "slug": "formacion",
        "title": "3.2 Estados de oxidación",
        "anchor": "estados"
      },
      {
        "icon": "fa fa-file-text",
        "slug": "formacion",
        "title": "3.3. Grupos funcionales",
        "anchor": "grupos"
      },
      {
        "icon": "fa fa-file-text",
        "slug": "formacion",
        "title": "3.4 Nomenclatura de los compuestos inorgánicos",
        "anchor": "nomenclatura"
      }
    ]
  },
  {
    "id": 5,
    "icon": "fa fa-file-text",
    "slug": "quimica",
    "title": "4. Química del carbono",
    "breadcrumb": ["Inicio","quimica"],
    "path": "pages/4-tema.html"
  }
]